img_name,label,xmin,ymin,xmax,ymax
000012-16347456122a06.jpg,0,48,128,90,173
000043-157305604379c0.jpg,0,37,169,82,217
000055-16299072552135.jpg,0,133,31,238,143
000107-1504454467f108.jpg,0,204,0,226,23
000135-1519056095a828.jpg,0,32,97,120,190
000153-1504972913bfa0.jpg,0,149,63,193,110
000207-1634745727a455.jpg,0,104,147,204,253
000232-1513094552a338.jpg,0,197,162,218,185
000251-15046273714581.jpg,0,96,95,139,141
000333-146954901370e8.jpg,0,66,76,87,99
000357-15190562379c44.jpg,0,182,42,247,111
000502-1507651502d9e3.jpg,0,138,59,176,99
000528-1512921928cf40.jpg,0,87,170,139,225
000535-1587657935016c.jpg,0,51,74,151,180
000549-1469549149cf76.jpg,0,37,13,53,31
000603-15005667633c84.jpg,0,59,18,111,73
000653-1571674013a6f4.jpg,0,94,63,127,98
000809-1504627689bf73.jpg,0,31,11,65,48
000809-150497328989e2.jpg,0,133,35,212,119
000852-1497024532302c.jpg,0,154,179,173,200
000934-1645200574f69c.jpg,0,29,81,145,205
001017-156692221763a4.jpg,0,128,60,177,112
001203-1506269523973d.jpg,0,128,78,230,187
001220-15669223403f8b.jpg,0,40,171,101,236
001246-15012583669211.jpg,0,69,122,140,197
001314-16618759946186.jpg,0,147,183,197,236
001341-15059240211eb6.jpg,0,98,171,110,183
001345-150497362525b0.jpg,0,214,23,229,39
001422-15046280620489.jpg,0,132,80,192,144
001502-1505664902e805.jpg,0,66,7,169,116
001531-1648311331f68a.jpg,0,1,50,36,87
001551-15046281515b48.jpg,0,101,154,125,180
001846-16425227266655.jpg,0,93,51,179,143
001855-1507652335b21a.jpg,0,177,58,203,86
002047-15975948479335.jpg,0,9,21,51,65
002106-15029004667e15.jpg,0,132,161,166,197
002133-15026412933036.jpg,0,149,4,201,60
002143-1648830103e280.jpg,0,170,172,198,202
002234-15054061547465.jpg,0,76,148,117,191
002321-150557900134ae.jpg,0,66,150,120,208
002402-16352654429dcc.jpg,0,122,24,185,91
002456-15773774962cff.jpg,0,36,154,67,187
002734-16575568540728.jpg,0,79,85,123,132
002738-15054064585e09.jpg,0,44,33,143,138
002739-1577377659b456.jpg,0,113,31,146,66
002837-1659889717b3f6.jpg,0,201,148,213,161
002845-157841452520eb.jpg,0,133,85,185,140
002942-1505060982cc1a.jpg,0,58,32,90,66
002947-1652286587d326.jpg,0,131,106,196,176
003018-16451154181ca0.jpg,0,110,74,230,201
003121-150540668164a6.jpg,0,193,185,226,220
003252-14678227722ddb.jpg,0,162,164,175,177
003405-16547924458678.jpg,0,131,79,200,152
003431-16264532710e32.jpg,0,20,33,87,105
003433-15055796731dd8.jpg,0,153,7,179,34
003810-1505407090274c.jpg,0,82,76,129,126
003823-1505061503d952.jpg,0,119,10,196,92
004253-1658248973fefd.jpg,0,154,130,246,228
004312-1614616992eae2.jpg,0,134,155,153,175
004442-1505407482391e.jpg,0,196,31,249,88
004744-1652978864ec5e.jpg,0,65,122,146,208
005045-16561758456bcf.jpg,0,238,197,253,213
005239-16561759591a95.jpg,0,67,165,82,181
005346-1570294426c666.jpg,0,62,96,160,200
005608-1584550568e79c.jpg,0,38,22,99,87
010624-1652979984946b.jpg,0,13,110,77,178
011122-164390828235a1.jpg,0,215,156,237,179
011530-16488333306425.jpg,0,216,43,243,72
011919-1642958359c39f.jpg,0,15,176,40,202
080404-1503965044f072.jpg,0,118,187,149,220
083729-150396704933fd.jpg,0,73,106,149,187
083815-1507941495e94a.jpg,0,63,3,97,39
083913-15272087538da6.jpg,0,12,119,64,174
084052-15052632524179.jpg,0,132,66,220,160
084123-15079416839444.jpg,0,41,52,117,133
084422-1507941862dc37.jpg,0,75,64,103,94
084727-1507942047c8ac.jpg,0,124,121,170,170
085700-15577090205d17.jpg,0,153,213,179,241
090008-1521162008e23c.jpg,0,189,29,228,70
091633-15052653930a36.jpg,0,215,221,247,255
091803-15386158831d4e.jpg,0,58,154,93,191
091930-15104495703e92.jpg,0,11,61,91,146
092320-1507857800765f.jpg,0,20,0,128,114
092443-151044988344cc.jpg,0,18,36,94,117
092621-15291987816fb2.jpg,0,174,60,219,108
092732-1500946052ef5f.jpg,0,83,34,191,149
092753-1529198873fb7e.jpg,0,144,68,249,179
092916-15291989567936.jpg,0,190,70,233,116
092928-1507858168e7a5.jpg,0,61,195,86,222
092953-1500946193fc08.jpg,0,71,153,147,233
093027-15118326273a81.jpg,0,241,200,255,215
093034-15386166345d11.jpg,0,34,41,137,151
093044-1551835844245d.jpg,0,21,59,33,72
093208-1500946328091d.jpg,0,147,97,240,196
093208-154120872823d0.jpg,0,112,100,166,157
093211-1529199131e3c9.jpg,0,43,95,80,134
093247-15291991675460.jpg,0,88,119,106,138
093320-1504316000c15b.jpg,0,22,26,62,69
093337-152919921775ec.jpg,0,148,3,197,56
093407-1497576847dc92.jpg,0,219,113,237,133
093433-1500946473e517.jpg,0,52,43,100,94
093533-1529112933676e.jpg,0,22,97,37,113
093722-150094664273ce.jpg,0,177,96,197,118
093903-152911314381c4.jpg,0,154,159,193,200
093959-1504316399d1e1.jpg,0,176,122,215,164
094039-1503279639a16b.jpg,0,37,4,82,52
094039-15258300390e1b.jpg,0,123,50,144,72
094128-1531359688d86b.jpg,0,112,65,151,106
094325-1541209405736d.jpg,0,146,103,218,179
094409-15349886493e90.jpg,0,60,50,97,89
094410-15094142507047.jpg,0,127,111,218,208
094508-1507859108434d.jpg,0,139,60,164,86
094637-15349887977b45.jpg,0,144,113,180,152
094658-15078592181a80.jpg,0,157,167,176,187
094753-15009472734010.jpg,0,7,167,33,195
094915-15272129550fae.jpg,0,12,66,87,146
095025-1530496225d1f5.jpg,0,90,39,118,69
095044-1527213044d626.jpg,0,6,112,67,177
095156-15304963168861.jpg,0,40,132,128,225
095403-15078596439d63.jpg,0,97,162,174,244
095550-1541210150ce8f.jpg,0,30,106,83,163
095559-15614277592283.jpg,0,127,175,173,224
095730-15043174507699.jpg,0,115,133,199,222
095746-1475287066b546.jpg,0,156,8,240,98
095752-15412102729d33.jpg,0,29,77,103,155
095756-1516672676e722.jpg,0,31,12,45,27
095821-15022439010115.jpg,0,115,167,131,184
095842-1567389522806f.jpg,0,159,90,186,119
095847-1531792727a75a.jpg,0,121,90,141,111
095918-15094151582ace.jpg,0,86,86,200,207
095925-15323975655e0b.jpg,0,20,129,98,212
095958-1532397598b1d8.jpg,0,183,149,248,218
100024-1500948024d0f3.jpg,0,182,83,243,148
100026-1514253626f437.jpg,0,134,19,230,120
100046-1471831246a885.jpg,0,10,139,75,208
100110-1509847270632b.jpg,0,148,106,187,148
100120-15165000800b4e.jpg,0,128,106,181,163
100142-1541210502ff5a.jpg,0,168,124,241,202
100220-1507860140108b.jpg,0,78,169,107,200
100236-1503885756ba8e.jpg,0,26,79,101,159
100245-150224416510ae.jpg,0,150,165,201,219
100248-15349033689012.jpg,0,96,35,189,133
100259-15009481799ba9.jpg,0,89,86,131,130
100305-1531792985daab.jpg,0,80,56,163,144
100356-153490343653ec.jpg,0,143,132,156,146
100402-15673898427056.jpg,0,123,140,196,218
100501-156142830165ce.jpg,0,33,218,62,249
100535-15317931353124.jpg,0,46,157,124,240
100544-1516500344fbcf.jpg,0,128,103,193,172
100557-15412107576d9e.jpg,0,199,19,253,76
100643-153179320320b8.jpg,0,64,142,114,195
100852-151580933227fc.jpg,0,177,184,193,201
100855-150094853578f6.jpg,0,12,161,58,210
100921-1520302161392e.jpg,0,42,41,91,93
100945-15165005854214.jpg,0,103,133,203,239
100959-15317933996b32.jpg,0,129,132,217,225
101015-1504318215fe46.jpg,0,90,17,106,34
101019-1502244619c32d.jpg,0,36,98,136,205
101024-1562983824e324.jpg,0,175,1,245,76
101100-15641934606367.jpg,0,180,231,203,255
101111-15078606711e51.jpg,0,11,93,57,142
101138-15009486986dfe.jpg,0,98,22,112,37
101211-1531793531e09a.jpg,0,135,97,150,113
101212-15043183323d08.jpg,0,49,63,67,83
101310-1531793590e243.jpg,0,49,41,131,128
101316-151079839615c1.jpg,0,146,18,174,48
101346-1502417626ac7c.jpg,0,80,75,132,131
101412-1507860852a4b0.jpg,0,81,124,112,156
101417-1538619257222b.jpg,0,144,168,180,206
101433-156298407395a5.jpg,0,6,83,59,140
101449-1526264089f8d3.jpg,0,88,76,174,167
101453-1520302493ce7f.jpg,0,165,1,179,16
101500-15232401001fdc.jpg,0,57,75,74,93
101607-15317937679097.jpg,0,170,126,229,189
101720-1538619440b939.jpg,0,179,49,205,76
101726-15262642465406.jpg,0,202,122,238,160
101733-15629842537353.jpg,0,35,129,90,187
101810-14705362904f00.jpg,0,141,20,248,133
101814-15203026941293.jpg,0,200,13,227,42
101816-1523240296f3b7.jpg,0,131,90,164,125
101846-151088512651fc.jpg,0,21,149,65,195
101935-1538619575550a.jpg,0,210,137,225,153
101936-15262643769091.jpg,0,182,84,205,109
102037-15203028370695.jpg,0,106,84,136,116
102118-1525918878fe7e.jpg,0,50,78,169,205
102208-15332629282f49.jpg,0,54,104,66,117
102255-1533262975a384.jpg,0,86,192,126,235
102339-15043190193c82.jpg,0,5,59,103,163
102342-150241822257f6.jpg,0,117,81,217,187
102428-150025826812a3.jpg,0,86,13,182,115
102429-1502245469ec2e.jpg,0,92,117,155,184
102710-15064792300247.jpg,0,151,72,251,178
102723-1584757643a4d4.jpg,0,70,29,169,135
102747-1551580067a5f8.jpg,0,101,3,176,83
102832-1520303312bb48.jpg,0,175,49,247,126
102936-1503282576433a.jpg,0,156,216,177,239
103011-15515802114faa.jpg,0,66,61,108,106
103019-15027642193202.jpg,0,205,144,255,198
103028-15275610288794.jpg,0,149,61,213,129
103127-1564194687d747.jpg,0,124,95,152,125
103129-15282522899d58.jpg,0,0,47,68,119
103318-1547519598c67c.jpg,0,167,91,207,134
103324-15078620047a35.jpg,0,186,14,217,47
103341-15275612218da3.jpg,0,102,41,128,68
103346-15203036264c5e.jpg,0,0,212,33,247
103545-15027645459674.jpg,0,119,116,189,190
103601-15847581618d42.jpg,0,21,137,74,193
103631-1505097391c677.jpg,0,47,128,128,214
103818-1502505498e7cd.jpg,0,139,12,228,107
103830-15377567104593.jpg,0,163,103,237,181
103840-15009503208823.jpg,0,61,54,128,125
103844-15346463246d51.jpg,0,173,65,234,130
103939-14894591797249.jpg,0,40,171,79,213
103950-15027647907e11.jpg,0,3,207,17,222
103955-1534646395fa5e.jpg,0,123,129,159,167
104020-1522636820f754.jpg,0,62,30,94,64
104043-1551580843c873.jpg,0,171,82,220,134
104125-15285984852360.jpg,0,200,24,232,58
104236-1528598556a511.jpg,0,162,100,200,140
104304-153767058450b7.jpg,0,68,124,84,141
104306-14970625869335.jpg,0,114,55,220,168
104321-15200450014827.jpg,0,58,79,93,117
104331-1502765011db8b.jpg,0,106,44,120,59
104501-1538189101322c.jpg,0,33,40,86,96
104545-1526265945d580.jpg,0,11,122,56,170
104552-15027651527f6c.jpg,0,173,116,226,172
104610-15226371704637.jpg,0,22,79,135,199
104616-15140835761aa1.jpg,0,197,12,256,74
104712-1502160432b593.jpg,0,68,72,127,134
104740-1502419660eb12.jpg,0,220,126,244,152
104743-152756206335ba.jpg,0,191,97,240,149
104821-1526266101f878.jpg,0,7,82,55,133
104933-15275621738f1e.jpg,0,53,38,92,79
104937-15021605774f24.jpg,0,114,177,178,245
104945-1506739785dbb7.jpg,0,111,90,183,167
105004-152263740440a5.jpg,0,178,102,219,145
105006-149706300629bc.jpg,0,160,65,222,131
105014-1527216614cab8.jpg,0,0,42,72,119
105030-150250623075d4.jpg,0,165,17,210,65
105107-1527216667842c.jpg,0,149,58,227,141
105140-1502247100be40.jpg,0,209,62,230,85
105231-1527562351dafc.jpg,0,4,137,18,152
105235-1503456755eace.jpg,0,127,71,144,89
105309-1503802389e3a1.jpg,0,129,160,204,239
105319-1502506399c3b1.jpg,0,26,118,56,150
105423-1503802463da2c.jpg,0,122,41,175,98
105507-1551322507d35f.jpg,0,93,65,115,89
105600-1519700160ece1.jpg,0,185,211,198,225
105617-154086817745c6.jpg,0,154,74,182,104
105650-15098506104e93.jpg,0,128,13,199,89
105755-1502679475b8db.jpg,0,213,80,250,119
105809-1509850689e16f.jpg,0,65,86,159,186
105955-151970039589d5.jpg,0,153,10,221,83
110052-15098508527997.jpg,0,102,31,199,134
110112-1535252472407b.jpg,0,198,108,228,140
110206-15022477269694.jpg,0,5,41,109,152
110319-1528426999c340.jpg,0,39,80,79,122
110352-1527217432231f.jpg,0,23,27,115,125
110400-1528427040daeb.jpg,0,148,6,225,87
110403-15024206438307.jpg,0,183,187,233,240
110404-152108304476cb.jpg,0,129,68,195,138
110427-15262670673a8d.jpg,0,120,96,205,186
110435-14971502752b4f.jpg,0,85,71,120,108
110437-14933486773a0d.jpg,0,26,99,87,164
110458-1527217498a041.jpg,0,35,9,96,74
110624-15352527845eaa.jpg,0,131,0,207,81
110731-15031984519fff.jpg,0,94,88,208,209
110738-1511579258fab2.jpg,0,137,4,215,87
110819-1544065699695a.jpg,0,85,158,99,173
110831-1506740911dc82.jpg,0,221,59,242,81
110924-15749969641a0a.jpg,0,7,139,102,240
110929-150397616958b3.jpg,0,16,69,33,88
110949-14982737890cb9.jpg,0,169,96,226,157
110955-1572577795a8d1.jpg,0,70,161,118,212
111053-1558321853e3b9.jpg,0,57,57,143,148
111259-15237619794114.jpg,0,7,70,23,87
111300-15039763804b2b.jpg,0,71,43,151,128
111323-15021620034f40.jpg,0,115,24,196,110
111337-1502680417df7e.jpg,0,14,24,70,84
111340-1501989220408f.jpg,0,152,208,178,236
111526-153525332658c7.jpg,0,65,106,137,183
111553-15067413536222.jpg,0,206,4,245,45
111729-1535253449e393.jpg,0,35,5,103,78
111731-15235030515362.jpg,0,72,68,100,98
111733-1543461453a8cc.jpg,0,32,44,79,94
111851-1497237531d979.jpg,0,43,41,106,108
111909-1530328749f422.jpg,0,112,73,180,145
111933-15058775738f37.jpg,0,17,196,44,225
111936-15352535764522.jpg,0,137,154,221,243
111944-1505877584b83f.jpg,0,3,127,52,179
111946-14970647868389.jpg,0,57,20,128,95
112004-150691440403f2.jpg,0,187,92,203,109
112023-15063096235423.jpg,0,82,22,168,113
112051-1520911251ff81.jpg,0,188,195,242,252
112102-15434616622b0f.jpg,0,130,123,168,163
112117-15019896777633.jpg,0,73,131,119,180
112117-1521775277be51.jpg,0,92,183,126,219
112230-15402649502190.jpg,0,139,103,182,149
112247-15222073670435.jpg,0,100,83,132,117
112315-152263939559bd.jpg,0,58,30,163,142
112321-15034586011088.jpg,0,45,41,80,79
112322-1527218602fd8a.jpg,0,8,169,74,240
112401-1530329041f787.jpg,0,120,10,229,126
112418-1547522658a3e4.jpg,0,159,46,256,149
112438-1540869878d4f9.jpg,0,101,142,190,236
112445-1504149885e4d4.jpg,0,94,115,123,146
112448-1545794688ffe8.jpg,0,116,132,142,159
112502-1543461902b2cb.jpg,0,74,138,171,241
112531-152091153111c2.jpg,0,208,93,228,114
112543-149706514325bd.jpg,0,138,41,223,131
112618-150198997877be.jpg,0,112,2,209,106
112653-15069148137550.jpg,0,21,163,48,192
112701-149723802121f1.jpg,0,140,96,177,135
112725-1536118045030f.jpg,0,139,180,189,233
112735-1526268455da4e.jpg,0,200,33,235,70
112743-1497065263e16c.jpg,0,48,70,100,126
112800-152220768044f2.jpg,0,133,99,160,128
112835-1503199715e9d1.jpg,0,26,176,78,232
112855-15256637351153.jpg,0,104,200,138,237
112909-153525414948e9.jpg,0,205,62,227,86
112922-1504495762f7b3.jpg,0,85,16,178,115
112955-1501990195f4ba.jpg,0,48,193,85,232
113015-1521775815d7af.jpg,0,108,101,127,121
113126-1521775886dfd9.jpg,0,98,51,163,120
113205-1543462325038b.jpg,0,105,17,154,69
113235-15069151554155.jpg,0,108,3,167,66
113302-1497065582678a.jpg,0,152,45,243,142
113304-1504495984a26a.jpg,0,164,163,188,189
113307-1503545587b280.jpg,0,98,102,149,156
113313-1497238393dc79.jpg,0,225,39,240,55
113320-150320000083cc.jpg,0,79,96,159,181
113321-1540265601642e.jpg,0,59,80,151,178
113321-15434624017c27.jpg,0,50,51,132,138
113342-1528428822cf13.jpg,0,21,15,59,56
113446-1492745686c4de.jpg,0,133,131,195,197
113449-152842888969a9.jpg,0,62,81,91,112
113512-1547782512cfd4.jpg,0,124,6,206,93
113529-149706572918fb.jpg,0,73,79,100,108
113606-1538624166f3ee.jpg,0,143,48,162,68
113608-1501990568da52.jpg,0,73,126,169,228
113713-15060514335a14.jpg,0,5,128,66,192
113715-1522640235cb3a.jpg,0,66,169,140,248
113725-1532921845478c.jpg,0,138,121,220,208
113757-1529465877d79a.jpg,0,13,197,40,226
113822-15262691026dd6.jpg,0,146,217,163,235
113859-1532921939dd60.jpg,0,99,82,177,165
113900-15209123407ae1.jpg,0,197,131,237,174
113906-1499830746503f.jpg,0,55,15,144,109
113944-15294659843721.jpg,0,98,169,143,217
113958-1535254798fc1c.jpg,0,65,63,161,165
114021-15279972211872.jpg,0,54,44,110,104
114036-1543462836c2c5.jpg,0,7,197,33,224
114050-15019908502381.jpg,0,49,215,86,255
114121-1528429281d667.jpg,0,151,87,236,177
114137-150449649775c1.jpg,0,63,172,105,216
114142-1505878902a6f5.jpg,0,0,47,117,171
114151-1526269311c7bd.jpg,0,168,106,180,119
114156-1529466116ec80.jpg,0,147,31,170,55
114244-153292216443d1.jpg,0,56,84,168,202
114251-1534218171b2f4.jpg,0,13,193,72,256
114324-15238502046749.jpg,0,4,215,36,249
114329-1523763809f25f.jpg,0,95,113,191,215
114338-15031142189726.jpg,0,11,190,58,240
114341-153421822127fc.jpg,0,146,126,225,210
114423-1501991063a778.jpg,0,104,34,117,48
114432-153292227243f3.jpg,0,219,11,253,47
114544-1527997544b211.jpg,0,19,44,38,64
114658-1506570418e9d7.jpg,0,205,0,247,45
114713-15934888334c35.jpg,0,189,155,252,221
114745-15475240650d1a.jpg,0,169,118,255,209
114804-15264424846b82.jpg,0,173,79,187,94
114817-15031144973629.jpg,0,16,117,47,150
114825-1526269705f270.jpg,0,223,220,236,233
114825-1593488905d1ea.jpg,0,80,54,109,85
114836-1515815316ca3c.jpg,0,144,156,207,223
114837-1501991317d9ba.jpg,0,136,169,190,226
114840-15032873207a7c.jpg,0,150,112,169,132
114921-15044969616b1e.jpg,0,21,46,79,107
114936-15934889768f26.jpg,0,158,29,170,42
114944-15475241843fe1.jpg,0,22,79,37,95
114948-1532922588545e.jpg,0,41,71,103,137
115050-1521085850416e.jpg,0,69,52,183,173
115058-152376425849fc.jpg,0,59,103,147,197
115211-15934891314c91.jpg,0,41,17,108,88
115229-15044971490037.jpg,0,193,190,215,213
115300-1505879580192c.jpg,0,46,78,119,156
115315-1528516395a616.jpg,0,10,4,76,75
115346-163643002623ab.jpg,0,107,70,134,99
115350-1593489230d706.jpg,0,133,71,174,115
115404-1468036444e8b2.jpg,0,179,165,209,197
115442-1519703682f694.jpg,0,128,164,155,193
115513-163643011357ed.jpg,0,169,118,184,134
115549-15026829496b70.jpg,0,215,138,230,154
115602-152843016201a3.jpg,0,23,137,134,255
115619-1636430179ad79.jpg,0,91,129,127,167
115644-152799820488ca.jpg,0,58,87,170,206
115656-1526443016c57f.jpg,0,37,208,70,243
115705-163643022563ea.jpg,0,21,132,121,238
115728-1636430248e8c8.jpg,0,81,168,96,184
115733-1497239853a2db.jpg,0,119,101,227,216
115817-1521086297d076.jpg,0,8,214,32,240
115910-1473566350d148.jpg,0,116,197,148,231
115917-152799835777a2.jpg,0,82,78,176,178
115959-15779375994b0a.jpg,0,81,1,99,21
120009-15044976098c57.jpg,0,94,50,204,167
120100-1516680060f4fe.jpg,0,203,131,242,172
120108-15044976681b92.jpg,0,161,131,186,157
120151-153681131128cf.jpg,0,43,142,99,202
120155-15777649154123.jpg,0,199,179,214,195
120208-1526443328986f.jpg,0,107,157,185,239
120212-1518667332e4b7.jpg,0,49,84,68,104
120315-15044977954454.jpg,0,114,22,179,91
120814-1536811694afe1.jpg,0,66,71,111,119
120907-15250613470bc8.jpg,0,174,99,192,119
120919-1528344559b84d.jpg,0,241,39,255,54
120923-150233816336b9.jpg,0,182,66,202,88
120928-1509854968face.jpg,0,105,217,132,246
121117-1533183077ae5b.jpg,0,65,174,94,205
121135-1525061495ef46.jpg,0,161,83,191,115
121302-15326647824571.jpg,0,59,57,172,177
121306-151866798634dd.jpg,0,167,158,214,207
121428-1501992868a212.jpg,0,0,96,105,207
121531-15297273313600.jpg,0,86,81,167,167
121604-1588997764ded0.jpg,0,40,132,155,255
121648-1523938608df2e.jpg,0,45,200,62,218
121654-1559967414b471.jpg,0,72,72,136,140
121714-1531887434d8d1.jpg,0,77,61,189,179
121725-15115834455b4a.jpg,0,48,144,125,226
121746-1521087466c981.jpg,0,51,111,125,190
121810-152834509030d2.jpg,0,90,82,130,124
121826-1531887506433d.jpg,0,118,33,184,103
121851-1501993131aea2.jpg,0,115,61,166,115
121926-1529727566e7da.jpg,0,121,161,147,189
121940-150691798036f3.jpg,0,92,139,106,153
122003-15889980039869.jpg,0,56,159,122,229
122045-15031164450c80.jpg,0,9,70,30,92
122103-1535862063e3f3.jpg,0,159,99,176,118
122145-1503202905cf8b.jpg,0,117,90,202,180
122247-158899816771bb.jpg,0,20,114,74,171
122337-1542169417cb26.jpg,0,32,66,128,168
122349-15331838299ca3.jpg,0,7,109,119,228
122357-15019934374bf6.jpg,0,87,98,202,220
122449-1482121489f8c7.jpg,0,138,83,244,195
122507-15004383076a83.jpg,0,94,59,153,121
122518-1559967918c8b9.jpg,0,46,48,113,120
122536-1578543936eba9.jpg,0,107,183,135,212
122558-1542169558985c.jpg,0,104,114,152,165
122607-15326655678ce3.jpg,0,48,71,125,153
122611-1529123171abf7.jpg,0,48,96,151,205
122723-1503203243e91c.jpg,0,136,141,167,174
122758-15217792780f9c.jpg,0,172,51,202,83
122827-1501993707123e.jpg,0,31,96,86,154
122913-15032033531ea5.jpg,0,127,169,186,231
123015-15354306157649.jpg,0,168,33,244,113
123024-152108822476b6.jpg,0,152,125,230,207
123029-1545539429f8fe.jpg,0,45,141,75,173
123047-1503117047f2f5.jpg,0,81,72,93,85
123126-15032034869584.jpg,0,12,233,27,249
123154-1523939514dfca.jpg,0,153,168,179,195
123323-15032036039660.jpg,0,91,80,135,127
123328-14963780088f55.jpg,0,86,42,204,168
123348-15217796285c36.jpg,0,192,168,207,183
123506-15019941065366.jpg,0,83,90,126,136
123534-1521779734329a.jpg,0,60,180,93,215
123628-15031173885a61.jpg,0,130,85,158,115
123822-1510115902e2e9.jpg,0,39,95,54,110
123842-1503203922f4ee.jpg,0,39,127,95,187
123945-14969831856c4d.jpg,0,81,24,181,130
123958-1521779998ea46.jpg,0,109,31,205,133
124044-15204840446421.jpg,0,24,96,43,117
124305-14918857852bbe.jpg,0,102,148,167,217
124313-1528951393fc8f.jpg,0,0,171,28,201
124318-15019945987500.jpg,0,181,36,255,114
124328-1521780208d600.jpg,0,180,19,253,96
124752-1491886072506d.jpg,0,7,22,89,109
124803-15217804838b17.jpg,0,196,89,221,116
125045-14916270451a3f.jpg,0,55,15,137,102
125121-1504500681e144.jpg,0,144,87,198,145
125316-1497243196c36b.jpg,0,163,215,177,230
125323-1502340803682f.jpg,0,24,102,81,162
125344-1521867224ba65.jpg,0,94,100,155,165
125411-1503723251fbed.jpg,0,61,150,76,166
125439-1507524879b77f.jpg,0,156,73,203,123
125639-1503550599828b.jpg,0,226,185,251,212
125710-1502341030f162.jpg,0,116,110,197,196
125736-1501995456455d.jpg,0,40,56,104,124
130258-15250645784014.jpg,0,92,213,116,238
130311-149741659108f4.jpg,0,187,70,200,84
130352-15171158321597.jpg,0,30,127,135,239
130408-1501995848fbc0.jpg,0,53,137,86,172
130821-1503205701784f.jpg,0,150,29,202,84
130921-1521781761ea94.jpg,0,119,123,230,241
131208-15069211287464.jpg,0,193,62,225,96
131342-1506921222a94c.jpg,0,102,153,141,195
131729-15186718499023.jpg,0,147,150,245,254
131815-15136606954d3a.jpg,0,150,126,214,194
132537-15171171370836.jpg,0,98,183,118,204
132953-150372539359ee.jpg,0,167,52,208,95
133239-1502343159ff9b.jpg,0,179,66,241,132
133331-150372561100c1.jpg,0,210,33,252,78
133451-1507527291794c.jpg,0,34,57,110,138
140357-15033818372718.jpg,0,54,217,91,256
140411-1503727451b3a1.jpg,0,15,25,133,150
141323-15064064030cd2.jpg,0,125,83,233,197
141503-1509257703bb48.jpg,0,161,126,184,150
141621-150338258158d1.jpg,0,46,106,89,151
141947-1503382787c45a.jpg,0,174,133,209,171
142102-15070116624e3f.jpg,0,9,175,48,217
142236-1503382956cf79.jpg,0,60,160,131,235
143018-1503383418acd7.jpg,0,47,64,106,126
143201-1507012321a825.jpg,0,149,100,232,188
143310-15046795906ae4.jpg,0,42,114,80,154
143650-15033838102db4.jpg,0,146,10,192,59
143818-15039886985062.jpg,0,195,109,256,174
143845-1506062325a963.jpg,0,85,25,190,137
143916-1506753556050a.jpg,0,27,114,79,169
144029-1507012829fa14.jpg,0,109,118,135,145
144344-150606262445a5.jpg,0,21,46,48,74
144515-1506753915c503.jpg,0,163,107,254,204
144638-15014835985ab4.jpg,0,157,61,229,137
144652-15138388128690.jpg,0,130,136,204,214
144712-15064084324617.jpg,0,159,165,219,229
144832-15356117122bbf.jpg,0,2,9,75,87
145038-150718623882ae.jpg,0,121,140,187,210
145101-1506063061b9ac.jpg,0,135,102,232,205
145130-15039894907566.jpg,0,150,54,163,68
145259-15064087790d06.jpg,0,178,142,218,185
145342-1487746422c23b.jpg,0,42,88,105,155
145635-15098649951fed.jpg,0,174,89,192,108
145650-15039898106eaf.jpg,0,80,124,92,137
145658-1510988218d25d.jpg,0,58,24,175,148
145829-15109883099557.jpg,0,193,18,253,82
145852-1518245932a12e.jpg,0,6,235,20,250
145859-15060635399c0c.jpg,0,29,5,52,29
150020-1510988420f605.jpg,0,145,34,203,95
150022-1506409222f769.jpg,0,173,135,237,203
150131-150977889183ae.jpg,0,103,58,171,131
150217-16429213378751.jpg,0,160,76,175,92
150406-15071870465282.jpg,0,88,19,148,83
150554-15060639542325.jpg,0,2,30,38,69
150645-149984320536e4.jpg,0,169,84,195,112
150722-15097792422922.jpg,0,83,79,99,96
150839-15117665199b6d.jpg,0,95,208,122,236
150928-15096065682852.jpg,0,147,176,161,190
151020-1540278620967e.jpg,0,5,188,42,228
151056-15285282562056.jpg,0,189,187,238,239
151127-1499238687cba5.jpg,0,184,129,240,188
151143-15096067036f4b.jpg,0,94,69,129,106
151313-15234307937ba2.jpg,0,49,84,95,133
151343-14997572231f71.jpg,0,184,49,238,107
151439-1508742879b397.jpg,0,91,172,119,202
151454-15140996948bd1.jpg,0,102,80,219,204
151558-15071877587db4.jpg,0,48,26,165,150
151716-1545981436d41d.jpg,0,164,62,194,94
151823-15097799037d94.jpg,0,199,116,228,147
151853-1540279133c0ee.jpg,0,70,138,135,207
151919-1507533559a1a7.jpg,0,102,64,207,175
151927-1517815167e78f.jpg,0,69,15,147,98
151934-1548487174ce22.jpg,0,77,107,118,150
152012-150468241242e7.jpg,0,177,107,203,134
152027-1506669627be78.jpg,0,64,129,82,148
152033-1517815233e8eb.jpg,0,31,142,73,187
152110-150546007057aa.jpg,0,133,171,156,196
152124-14972520840841.jpg,0,28,15,132,125
152154-15178153145f30.jpg,0,215,42,240,68
152201-1548487321141c.jpg,0,197,186,210,199
152214-1506064934eb38.jpg,0,98,108,121,132
152329-1523431409f255.jpg,0,42,16,149,129
152350-1507533830ba74.jpg,0,210,59,244,95
152426-149811626697a3.jpg,0,46,52,80,88
152433-150831147320b1.jpg,0,87,110,128,154
152435-1512717875bc40.jpg,0,104,5,163,67
152535-15130635356222.jpg,0,110,52,167,113
152546-14972523466b79.jpg,0,108,26,174,96
152602-150874356244de.jpg,0,51,19,91,62
152713-1553844433df82.jpg,0,58,144,105,194
152725-1497252445817e.jpg,0,155,33,193,73
152726-15097804461afe.jpg,0,76,166,130,223
152742-15045100627218.jpg,0,70,20,96,47
152902-1514100542e934.jpg,0,49,170,84,207
152957-1506410997e59f.jpg,0,85,67,125,109
153003-1548487803ad4f.jpg,0,120,176,144,201
153101-1508311861987a.jpg,0,228,108,240,121
153117-1508743877be49.jpg,0,161,12,197,50
153308-1497252788aa72.jpg,0,22,173,79,234
153336-15097808168ecd.jpg,0,60,7,78,26
153347-15285296277b44.jpg,0,17,108,119,216
153414-14670128546dbf.jpg,0,51,55,152,163
153434-1504942474ff6b.jpg,0,79,122,104,148
153500-1497252900dd7a.jpg,0,60,79,96,118
153639-1542008199929f.jpg,0,98,18,176,100
153718-1531553838543b.jpg,0,155,122,203,173
153735-152818425588d0.jpg,0,194,165,235,209
153809-1556177889ce6b.jpg,0,106,48,224,174
153831-15315539116156.jpg,0,52,124,96,171
153846-1614843526bb70.jpg,0,201,101,213,114
153918-1509781158ae35.jpg,0,121,84,136,100
154017-15250740176369.jpg,0,137,75,218,161
154056-151029965650fc.jpg,0,6,14,44,55
154118-14974260784068.jpg,0,10,195,52,239
154125-16570068852c22.jpg,0,85,19,184,124
154152-151029971288d7.jpg,0,160,13,182,36
154153-149725331343be.jpg,0,118,132,208,227
154203-15306037238504.jpg,0,56,48,158,156
154331-1521877411a6da.jpg,0,30,163,67,202
154416-1504511056a4a2.jpg,0,94,55,203,171
154416-15250742564997.jpg,0,88,19,147,81
154418-1497426258b0bf.jpg,0,26,27,103,109
154446-1507189486c0d7.jpg,0,189,131,203,146
154527-1514101527bd39.jpg,0,144,142,244,248
154542-15047703427c41.jpg,0,66,34,186,161
154548-1501227948b99a.jpg,0,49,78,119,152
154549-1519717549252d.jpg,0,111,128,159,179
154624-1511423184ce1b.jpg,0,130,5,209,89
154627-15234327873cfc.jpg,0,37,51,98,116
154639-1548488799e623.jpg,0,17,176,73,235
154708-15047704286796.jpg,0,72,42,114,86
154716-1501487236d2da.jpg,0,160,96,231,171
154815-15083128958f1f.jpg,0,17,100,89,176
154821-15029561019310.jpg,0,135,28,207,104
154901-1497253741a0dd.jpg,0,153,105,169,122
154923-155384576397bb.jpg,0,5,85,76,161
155001-150451140162c6.jpg,0,118,137,169,192
155049-15281850497321.jpg,0,79,46,145,116
155055-1513324255c8d9.jpg,0,21,201,56,238
155057-1493711457c7c3.jpg,0,99,121,141,165
155104-15484890647558.jpg,0,126,105,222,207
155223-1526975543ab48.jpg,0,118,202,134,219
155248-152300116809c5.jpg,0,14,74,71,135
155302-1474876382c65d.jpg,0,157,22,245,116
155330-1504943610c4f2.jpg,0,195,57,239,104
155350-15226556308fa5.jpg,0,234,186,255,209
155353-15045116338702.jpg,0,22,51,101,135
155401-15538460414a03.jpg,0,97,158,180,246
155416-1550390056b105.jpg,0,1,34,93,132
155514-15230013141763.jpg,0,149,150,188,191
155516-15286173168c4e.jpg,0,157,107,236,191
155547-14988957473408.jpg,0,32,131,140,246
155551-14928477519ad8.jpg,0,146,41,221,121
155716-1521878236bd2a.jpg,0,222,180,253,213
155719-15045118396146.jpg,0,16,23,75,86
155725-1507190245d6c7.jpg,0,46,23,104,84
155732-15239518525ffe.jpg,0,107,59,170,125
155741-16567486617abe.jpg,0,128,74,147,94
155815-1499673495cf46.jpg,0,81,111,175,211
155815-15029566957391.jpg,0,9,31,90,117
155818-1506585498eb19.jpg,0,77,36,141,105
155820-1503907100ee00.jpg,0,24,28,130,141
155835-15286175151a0e.jpg,0,51,76,116,145
155917-15204095571c76.jpg,0,163,102,215,157
160001-14972544019492.jpg,0,153,126,225,203
160017-14748768173846.jpg,0,34,51,66,85
160053-15226560535437.jpg,0,203,61,227,86
160109-1525075269fe47.jpg,0,16,11,34,30
160129-1497254489d408.jpg,0,135,138,192,199
160259-15065857793343.jpg,0,149,185,167,205
160308-150546258895e6.jpg,0,3,70,109,182
160313-15404545938be5.jpg,0,104,38,152,89
160323-1502957003c881.jpg,0,37,82,86,134
160326-1513670606e377.jpg,0,119,45,200,131
160352-15064130321a82.jpg,0,160,174,210,227
160413-15250754538c21.jpg,0,191,122,245,179
160425-15045122651c54.jpg,0,144,96,232,190
160547-15058947477af0.jpg,0,192,106,211,126
160549-1511683549ac94.jpg,0,172,193,204,228
160559-15533283595dd5.jpg,0,53,23,163,140
160606-1523952366415f.jpg,0,148,164,196,215
160707-150295722791ff.jpg,0,180,162,207,190
160729-149284844981f0.jpg,0,74,182,89,198
160805-1506067685f3d3.jpg,0,62,148,146,237
160831-15218789113761.jpg,0,243,33,256,47
160832-15045125122304.jpg,0,106,101,126,122
160948-1502525388d799.jpg,0,152,143,204,198
161011-150779581128f2.jpg,0,30,176,78,227
161157-15239527179b60.jpg,0,160,6,223,73
161232-1504512752ef03.jpg,0,29,55,144,177
161239-1519200759a48f.jpg,0,2,16,76,94
161355-1496477635ce2a.jpg,0,5,23,66,87
161359-1507796039b831.jpg,0,50,87,98,138
161413-1502957653e4e3.jpg,0,23,16,59,54
161431-1520496871ca63.jpg,0,120,11,173,67
161456-146753369603c1.jpg,0,189,203,207,223
161506-1523002506c489.jpg,0,182,187,222,230
161548-1523952948ed98.jpg,0,6,192,28,215
161618-15230025786baf.jpg,0,217,127,251,163
161651-146787941129eb.jpg,0,8,106,54,155
161715-15192010352078.jpg,0,154,43,174,64
161742-15029578629e78.jpg,0,222,166,251,197
161828-15209291083e60.jpg,0,80,123,189,239
161831-1518682711da85.jpg,0,226,137,238,150
161932-14970827722214.jpg,0,71,174,138,246
161934-15192011748d36.jpg,0,165,206,191,234
161934-15239531749465.jpg,0,107,135,183,216
162012-15289644122b7f.jpg,0,3,181,73,256
162054-152300285400c0.jpg,0,30,156,116,247
162136-1527927696c3bc.jpg,0,111,58,188,140
162157-14970829173df7.jpg,0,27,134,51,160
162204-15065869246c97.jpg,0,114,150,155,194
162325-15503918050855.jpg,0,99,105,196,208
162340-1528187020ee48.jpg,0,48,157,126,240
162344-1552379024d5a2.jpg,0,178,44,193,60
162409-1523953449463b.jpg,0,190,55,226,93
162421-15591182610536.jpg,0,69,38,138,112
162441-15071918816cb8.jpg,0,22,112,44,135
162455-1523435095761d.jpg,0,103,210,117,225
162506-152758230631bf.jpg,0,0,174,22,198
162511-15230031116bd4.jpg,0,140,26,201,91
162519-15226575192cb6.jpg,0,77,81,158,167
162525-1505291125e9b8.jpg,0,180,171,196,188
162606-15045135660afc.jpg,0,83,108,112,139
162619-1467534379f211.jpg,0,82,60,111,91
162622-14963919821bac.jpg,0,101,53,125,78
162631-15750159912561.jpg,0,43,40,160,164
162639-15194607997f30.jpg,0,92,130,206,251
162652-15281872129ad6.jpg,0,74,158,149,237
162700-14970832205b13.jpg,0,102,122,214,241
162718-15029584385781.jpg,0,93,9,111,28
162750-15058096708859.jpg,0,24,219,46,243
162815-15043408950ab3.jpg,0,156,39,184,69
162834-152092971406fe.jpg,0,230,193,244,208
162834-15297425145b05.jpg,0,106,140,190,229
162935-1521880175e49d.jpg,0,8,16,86,99
163001-15479730019e58.jpg,0,116,161,154,202
163041-1501489841ad4f.jpg,0,96,161,134,201
163048-152473144877cc.jpg,0,53,25,132,109
163114-1524904274dd78.jpg,0,181,54,216,92
163238-1507278758b28e.jpg,0,102,95,143,139
163310-1505464390d62b.jpg,0,112,47,172,111
163319-1524731599f6c3.jpg,0,55,124,81,152
163322-152490440242d7.jpg,0,24,54,69,102
163440-14973428808ec3.jpg,0,102,127,123,149
163523-15027861235302.jpg,0,185,217,208,241
163525-1529742925d533.jpg,0,65,67,77,79
163559-1531125359156f.jpg,0,101,104,213,223
163600-1521794160f0b7.jpg,0,83,14,116,49
163625-15052053855e46.jpg,0,155,148,215,212
163626-153406298641dd.jpg,0,12,239,25,253
163639-1505896599d19e.jpg,0,28,131,56,161
163726-1505810246f12f.jpg,0,32,41,123,137
163727-1519029447862b.jpg,0,179,164,216,204
163732-15029590523c2b.jpg,0,109,153,150,196
163753-1523003873b007.jpg,0,20,91,58,132
163804-1504946284247b.jpg,0,76,114,188,233
163806-1570264686e1ed.jpg,0,112,137,179,208
163818-15083158987546.jpg,0,187,152,202,168
163824-152974310491a7.jpg,0,157,170,194,209
163825-151116710571f4.jpg,0,106,140,192,231
163838-1497343118c238.jpg,0,11,16,113,124
163919-1526978359edda.jpg,0,115,25,140,52
163933-1534063173841c.jpg,0,127,116,200,194
164002-1520930402ad8e.jpg,0,197,172,239,217
164007-1499848807a631.jpg,0,118,19,175,79
164118-1515573678fb2e.jpg,0,66,152,106,194
164119-1638434479e3be.jpg,0,185,91,219,127
164125-14973432854afa.jpg,0,137,43,180,89
164207-15208441277c9e.jpg,0,67,116,79,128
164210-15209305305ddd.jpg,0,65,147,135,221
164215-1504428135bd1e.jpg,0,159,122,235,203
164221-1503477741c19d.jpg,0,107,112,132,138
164246-16570105661570.jpg,0,175,105,219,151
164301-15043417814106.jpg,0,83,113,145,179
164307-1550479387ff23.jpg,0,111,178,165,235
164310-1509352990d606.jpg,0,108,26,168,90
164318-1501749798563d.jpg,0,89,14,145,74
164347-15037370271a1c.jpg,0,90,35,166,116
164353-15217946338c96.jpg,0,11,153,52,197
164358-15209306386e6b.jpg,0,208,169,231,193
164421-152982986116b0.jpg,0,127,84,214,176
164446-1656751486644f.jpg,0,75,49,145,123
164459-1611909899d7d4.jpg,0,59,69,120,133
164547-154166674724aa.jpg,0,131,141,158,170
164551-15268923511266.jpg,0,122,82,221,187
164608-1499762768af67.jpg,0,49,77,95,126
164638-1497084398515e.jpg,0,92,30,157,99
164727-1526892447cee3.jpg,0,100,16,137,56
164729-16119100497794.jpg,0,165,43,238,120
164735-15281884558d7a.jpg,0,52,157,66,172
164759-1520758079a778.jpg,0,120,139,215,239
164806-15535900861705.jpg,0,167,28,223,88
164812-16119100927f2a.jpg,0,20,160,40,181
164826-1527929306bd53.jpg,0,154,135,246,233
164840-1541666920b5c8.jpg,0,165,109,247,197
164847-1506588527fae8.jpg,0,229,193,256,221
164858-15230045385808.jpg,0,192,167,212,189
164912-149889895249fa.jpg,0,67,118,113,167
164924-16522589644ed8.jpg,0,167,114,238,189
164924-1657010964eabe.jpg,0,10,140,111,247
164936-1611910176bff5.jpg,0,112,117,199,209
164942-15093533824268.jpg,0,89,74,194,186
164943-1504342183144d.jpg,0,49,2,141,100
164944-15281885848c1c.jpg,0,32,21,107,101
165043-15311262431eaa.jpg,0,111,172,149,213
165109-16522590695e8c.jpg,0,26,38,93,109
165124-1507798284f510.jpg,0,18,86,61,132
165253-15254239733be7.jpg,0,180,145,232,200
165429-15050336691f48.jpg,0,212,81,234,104
165517-152093131700ed.jpg,0,48,8,137,103
165540-15029601404c96.jpg,0,168,26,196,56
165545-151116814540ef.jpg,0,130,65,196,135
165557-1527929757fe69.jpg,0,60,200,107,250
165610-1523350570a217.jpg,0,157,27,222,96
165653-1525424213f3c2.jpg,0,65,62,130,131
165847-1515574727da75.jpg,0,116,61,150,98
165905-15275843455675.jpg,0,2,110,37,147
165914-1520931554a9e5.jpg,0,157,111,249,209
165936-1508317176775f.jpg,0,44,66,70,93
170009-15226596095558.jpg,0,25,66,72,116
170045-1520931645be1b.jpg,0,56,24,125,97
170104-16570116648fbc.jpg,0,156,15,184,44
170105-1502960465cf39.jpg,0,6,119,29,143
170135-1525424495ea6a.jpg,0,224,135,236,148
170157-152335091706a6.jpg,0,61,74,84,98
170231-15042565514b54.jpg,0,17,152,45,182
170304-1521795784008e.jpg,0,132,230,156,256
170341-15534182211404.jpg,0,113,138,223,254
170353-1501491833bddc.jpg,0,62,186,116,243
170435-1509527075c3fe.jpg,0,208,182,222,197
170455-149985029599a5.jpg,0,142,196,183,240
170523-1511168723f890.jpg,0,8,35,88,120
170611-1523351171986b.jpg,0,186,239,202,256
170620-1522659980dd25.jpg,0,56,88,129,166
170622-15254247824212.jpg,0,207,131,237,163
170635-15092679953c49.jpg,0,41,159,124,247
170717-15087496376733.jpg,0,145,103,179,139
170752-151142807270fa.jpg,0,157,49,250,148
170828-1510304908ca7f.jpg,0,4,30,118,151
170854-1502960934c3f7.jpg,0,112,174,160,225
170912-1537693752ace9.jpg,0,43,130,89,178
170928-15534185685fa8.jpg,0,70,141,168,245
170952-1579338592a802.jpg,0,185,170,198,183
171000-1510305000e371.jpg,0,54,134,102,185
171020-152179622051d1.jpg,0,60,64,81,87
171023-15219690237f1d.jpg,0,148,85,189,129
171046-149890024661b7.jpg,0,125,191,182,251
171132-1527585092627e.jpg,0,149,197,184,234
171145-15033931051c95.jpg,0,48,35,96,86
171214-151920433457fc.jpg,0,96,184,126,215
171218-151142833810e1.jpg,0,3,188,18,204
171311-1527585191d6d7.jpg,0,159,168,201,213
171410-1511428450dd21.jpg,0,7,151,90,239
171543-1522660543001f.jpg,0,227,61,241,76
171644-1521796604660e.jpg,0,54,38,75,60
171654-1511342214e5ff.jpg,0,11,91,113,200
171724-1509873444e643.jpg,0,86,49,150,117
171727-15376942470090.jpg,0,49,77,78,108
171754-1580462274131b.jpg,0,58,153,154,255
171856-15113423368263.jpg,0,89,106,189,212
171903-1531127943a314.jpg,0,10,137,73,204
171928-1537694368e8e7.jpg,0,10,122,53,168
172103-1522660863dde4.jpg,0,171,216,194,241
172150-1521796910a15a.jpg,0,20,52,64,99
172159-15533329199cb2.jpg,0,185,132,243,194
172209-150460332908da.jpg,0,93,66,119,94
172301-1501492981a786.jpg,0,2,100,48,149
172318-15219697986ee5.jpg,0,162,23,236,102
172332-150477621274f3.jpg,0,99,118,129,150
172537-1519205137d48b.jpg,0,19,26,134,148
172538-1618824338c7c2.jpg,0,48,25,81,60
172707-1528190827f1e8.jpg,0,100,182,122,205
172840-15233525208b16.jpg,0,123,85,152,116
172857-15510869374d3b.jpg,0,86,161,160,239
172907-16188245474148.jpg,0,207,208,250,254
172925-15279317654c6d.jpg,0,243,18,256,31
172954-15192053948b91.jpg,0,36,31,130,131
173015-1500802215d750.jpg,0,94,139,182,232
173015-1521797415e73a.jpg,0,48,97,132,186
173101-15098742610b45.jpg,0,131,43,175,90
173143-1538559103d1d2.jpg,0,66,119,80,133
173216-150952873642cf.jpg,0,179,39,237,100
173257-1521970377fb9b.jpg,0,191,127,252,192
173318-15217975984a91.jpg,0,1,126,17,143
173426-15036536662111.jpg,0,67,45,82,61
173617-15092697774d95.jpg,0,84,198,120,236
173620-1537695380f3b5.jpg,0,209,101,243,137
173635-1472981795cb7b.jpg,0,141,152,191,205
173731-15205018518854.jpg,0,124,101,176,156
173732-1509874652ef72.jpg,0,105,86,198,185
173744-1546249064632e.jpg,0,174,17,220,66
173748-150926986841b0.jpg,0,116,65,229,185
173806-14984698862ea6.jpg,0,69,180,133,248
173825-1529487505f2d4.jpg,0,31,42,78,92
173837-14729819176c69.jpg,0,0,42,75,122
173849-1529746729015a.jpg,0,106,59,202,160
173924-1521970764c8fa.jpg,0,158,85,191,120
174046-15294876467800.jpg,0,31,39,46,55
174111-15007164719bc4.jpg,0,48,36,113,105
174111-1529746871d839.jpg,0,140,28,194,86
174144-15078013043e01.jpg,0,167,50,235,123
174222-1533807742d2c0.jpg,0,10,138,105,239
174234-1523353354e82c.jpg,0,179,95,191,108
174317-152197099786bf.jpg,0,94,84,189,185
174336-1495791816c5aa.jpg,0,95,63,136,106
174406-150952944620ab.jpg,0,4,73,53,125
174431-14970878712e41.jpg,0,126,22,176,75
174500-1503654300213b.jpg,0,95,18,135,60
174534-1507196734b2f0.jpg,0,183,54,223,96
174550-15014943505663.jpg,0,205,174,246,217
174601-15338079613237.jpg,0,162,98,212,151
174614-150391357431c6.jpg,0,182,80,198,97
174614-1523353574ca19.jpg,0,12,76,115,186
174721-15548896413f5f.jpg,0,207,155,237,187
174753-15315616735d64.jpg,0,177,55,191,69
174811-15233536911f5a.jpg,0,167,114,253,205
174855-14970881351957.jpg,0,85,161,124,202
174918-15020129582087.jpg,0,176,125,255,209
174951-1503654591d930.jpg,0,193,164,242,216
175000-1503913800d872.jpg,0,54,142,136,229
175137-14989890973ef5.jpg,0,42,131,113,206
175156-15315619163752.jpg,0,137,166,166,197
175158-15012355188fde.jpg,0,0,78,49,130
175204-1518083524c1d4.jpg,0,2,176,42,219
175223-1505641943abcf.jpg,0,15,0,121,112
175312-1531561992fb44.jpg,0,111,116,164,173
175345-1505642025469f.jpg,0,33,47,127,147
175415-15157508552038.jpg,0,67,219,86,240
175432-15570500721ee7.jpg,0,52,89,76,114
175540-1613469340130b.jpg,0,140,100,223,188
175550-15311301504109.jpg,0,40,108,81,152
175642-1506679002ad03.jpg,0,177,0,214,40
175714-15036550347107.jpg,0,107,9,191,98
175800-1536487080003e.jpg,0,36,16,155,142
175825-15192071052947.jpg,0,103,25,199,127
175838-151765191814cc.jpg,0,133,176,187,233
175954-1503655194a786.jpg,0,46,138,137,234
180006-15046056062921.jpg,0,53,160,108,218
180012-1526983212e40e.jpg,0,144,129,247,238
180028-15570504283944.jpg,0,28,56,137,172
180102-1507197662dda8.jpg,0,160,113,223,180
180231-1521799351f335.jpg,0,16,107,135,234
180254-15060745745283.jpg,0,160,193,179,213
180330-15071978107ccf.jpg,0,134,83,161,112
180342-1546682622077d.jpg,0,227,55,253,83
180437-150201387750a5.jpg,0,109,88,168,151
180443-1523786683938c.jpg,0,36,44,115,128
180540-15192075400a0c.jpg,0,140,161,172,195
180552-15269835522573.jpg,0,116,124,186,199
180555-1503655555c49a.jpg,0,187,6,201,21
180655-1536487615dac1.jpg,0,86,127,133,177
180701-15660364218cd8.jpg,0,40,155,100,218
180705-152378682594a4.jpg,0,4,149,17,163
180717-1546682837d16a.jpg,0,43,143,149,256
180741-15020140611766.jpg,0,30,35,148,160
180803-153380928325a2.jpg,0,137,74,244,187
180844-15192077241b0c.jpg,0,125,3,222,106
180940-15064205804a89.jpg,0,59,2,121,68
180946-15020141862d80.jpg,0,58,183,98,225
181053-15197262532c9b.jpg,0,0,91,23,115
181054-15090126549328.jpg,0,81,181,99,200
181109-16506222690509.jpg,0,160,152,242,239
181120-1500718280163e.jpg,0,190,126,223,161
181128-1501236688e0da.jpg,0,196,157,230,193
181219-1533809539f157.jpg,0,190,234,205,250
181310-151920799086f1.jpg,0,18,106,131,226
181336-15064208163a7a.jpg,0,172,116,255,204
181511-154201771122af.jpg,0,138,162,164,190
181522-15207633229890.jpg,0,213,150,252,191
181556-15364881564ba0.jpg,0,73,104,147,183
181613-15207633738b86.jpg,0,71,128,92,150
181736-15090994560c1c.jpg,0,179,0,192,13
181816-150572989616f6.jpg,0,50,98,155,209
181819-15226642993ded.jpg,0,50,177,88,218
181917-15482387573053.jpg,0,9,140,68,203
181928-15192083687d9e.jpg,0,187,20,229,64
181931-1520763571bca2.jpg,0,16,21,110,121
181946-15240467863f8e.jpg,0,74,44,151,126
182150-15240469101fc7.jpg,0,123,161,146,186
182155-151575251537fc.jpg,0,91,120,171,204
182213-15249109332d93.jpg,0,171,138,238,209
182257-1536142977788e.jpg,0,150,29,199,81
182259-15420181792f77.jpg,0,50,126,102,181
182304-150201498448ca.jpg,0,17,169,85,241
182323-1566037403747a.jpg,0,162,45,236,123
182326-1503656606df59.jpg,0,23,67,74,121
182328-1497090208240d.jpg,0,174,69,196,92
182330-15033974101983.jpg,0,6,112,80,191
182358-1519208638ba9b.jpg,0,45,91,83,132
182407-1494239047101f.jpg,0,29,8,41,21
182416-14989910563396.jpg,0,75,20,108,55
182524-1520936724b777.jpg,0,11,106,40,137
182643-1500719203cf9e.jpg,0,2,101,118,224
182702-1522664822f06c.jpg,0,138,11,206,84
182711-15036568317554.jpg,0,216,159,247,192
182736-1505730456f925.jpg,0,117,126,227,242
182831-15090137115d81.jpg,0,64,12,106,56
182835-15095321155142.jpg,0,9,51,115,164
182839-1506421719c711.jpg,0,123,77,197,156
182847-15044345272171.jpg,0,155,72,228,150
182900-1494239340bf5f.jpg,0,130,115,158,144
182903-150071934324f7.jpg,0,20,69,54,105
182904-1521800944634b.jpg,0,113,135,188,215
182909-15033977494c3c.jpg,0,9,38,113,148
182929-15027929699751.jpg,0,111,15,152,58
182945-1532600985242a.jpg,0,133,143,222,237
183036-153942663656e1.jpg,0,79,80,167,173
183101-15117786619fbf.jpg,0,125,54,179,112
183110-152007307005f7.jpg,0,132,115,194,181
183121-15064218816188.jpg,0,73,117,91,136
183134-151903629489e6.jpg,0,36,237,54,256
183149-1512124309a6f0.jpg,0,167,11,248,97
183201-15420187218258.jpg,0,23,35,127,146
